<?xml version="1.0" encoding="UTF-8"?>

<map name="19.map" maxPlayers="9" dimension="19">
    <description>
	    Info about map must be here. =)
    </description>

    <field>
        <row>1 0 -1 0 0 -2 -3 -2 -1 2 -1 -2 -3 -2 0 0 -1 0 3</row>
        <row>-2 0 -3 -2 0 -1 -1 -3 -2 0 -2 -3 -1 -1 0 -2 -3 0 -2</row>
        <row>-2 -2 -2 -2 0 0 -2 0 0 0 0 0 -2 0 0 -2 -2 -2 -2</row>
        <row>-2 0 0 0 -2 0 -2 0 -2 0 -2 0 -2 0 -2 0 0 0 -2</row>
        <row>-3 -2 0 0 -2 0 -2 -2 -2 -2 -2 -2 -2 0 -2 0 0 -2 -3</row>
        <row>-5 -5 -2 -2 -2 0 0 0 -1 -1 -1 0 0 0 -2 -2 -2 -5 -5</row>
        <row>-6 -2 -3 -6 -2 -2 -2 -2 -2 -2 -2 -2 -2 -2 -2 -6 -3 -2 -6</row>
        <row>-7 -3 0 0 -2 -3 0 -2 -1 0 -1 -2 0 -3 -2 0 0 -3 -7</row>
        <row>-8 -2 0 -2 -2 -2 0 -2 -2 0 -2 -2 0 -2 -2 -2 0 -2 -8</row>
        <row>7 0 0 0 -5 0 0 0 0 8 0 0 0 0 -5 0 0 0 9</row>
        <row>-8 -2 0 -2 -2 -2 0 -2 -2 0 -2 -2 0 -2 -2 -2 0 -2 -8</row>
        <row>-7 -3 0 0 -2 -3 0 -2 -1 0 -1 -2 0 -3 -2 0 0 -3 -7</row>
        <row>-6 -2 -3 -6 -2 -2 -2 -2 -2 -2 -2 -2 -2 -2 -2 -2 -2 -2 -2</row>
        <row>-5 -5 -2 -2 -2 0 0 0 -1 -1 -1 0 0 0 -2 -2 -2 -5 -5</row>
        <row>-3 -2 0 0 -2 0 -2 -2 -2 -2 -2 -2 -2 0 -2 0 0 -2 -3</row>
        <row>-2 0 0 0 -2 0 -2 0 -2 0 -2 0 -2 0 -2 0 0 0 -2</row>
        <row>-2 -2 -2 -2 0 0 -2 0 0 0 0 0 -2 0 0 -2 -2 -2 -2</row>
        <row>-2 0 -3 -2 0 -1 -1 -3 -2 0 -2 -3 -1 -1 0 -2 -3 0 -2</row>
        <row>4 0 -1 0 0 -2 -3 -2 -1 5 -1 -2 -3 -2 0 0 -1 0 6</row>
    </field>

    <icons>
        <wall file="brickWall"/>
    </icons>
</map>
