<?xml version="1.0" encoding="UTF-8"?>

<map name="1.map" maxPlayers="4" dimension="10">
    <description>
	    Info about map must be here. =)
    </description>

    <field>
        <row>1 0 0 0 0 0 0 0 0 0</row>
        <row>-1 -1 -1 -1 -1 -1 -1 -1 0 -1</row>
        <row>3 0 -1 0 0 0 0 0 0 0</row>
        <row>-1 0 -1 0 -1 -1 0 -1 -1 -1</row>
        <row>-1 0 -1 0 -1 0 0 0 0 0</row>
        <row>0 0 0 0 0 0 -1 -1 -1 0</row>
        <row>0 -1 -1 -1 -1 0 -1 0 0 0</row>
        <row>0 0 0 0 0 0 0 0 -1 0</row>
        <row>0 -1 -1 -1 -1 0 -1 0 -1 0</row>
        <row>4 0 0 0 0 0 -1 0 0 2</row>
    </field>

    <icons>
        <wall file="blueWall.png"/>
    </icons>
</map>
